{
    "wf_7000_1": {
        "times": [
            0.002572454046458006,
            0.007752389879897237,
            0.0025797937996685505,
            0.007635124027729034,
            0.003565819002687931
        ],
        "average": 0.004821116151288152
    },
    "wf_7000_2": {
        "times": [
            0.009059079922735691,
            0.00831490894779563,
            0.002738666022196412
        ],
        "average": 0.006704218297575911
    },
    "wf_7000_3": {
        "times": [
            0.0031549138948321342,
            0.002961026970297098,
            0.006319757783785462,
            0.0034027898218482733
        ],
        "average": 0.003959622117690742
    },
    "wf_7000_4": {
        "times": [
            0.0066562979482114315,
            0.006936765043064952,
            0.006952215917408466,
            0.006195158930495381,
            0.006104797124862671
        ],
        "average": 0.00656904699280858
    },
    "wf_8000_1": {
        "times": [
            0.007519371807575226,
            0.00269177183508873,
            0.0076723708771169186,
            0.0041153100319206715
        ],
        "average": 0.005499706137925386
    },
    "wf_8000_2": {
        "times": [
            0.006695599993690848,
            0.0027820290997624397
        ],
        "average": 0.004738814546726644
    },
    "pha_7000_1": {
        "times": [
            0.004049781011417508,
            0.003104269038885832,
            0.002744890982285142,
            0.0031737720128148794,
            0.0038010459393262863,
            0.004060304025188088,
            0.004286552080884576
        ],
        "average": 0.003602945012971759
    },
    "wf_8000_3": {
        "times": [
            0.0030757118947803974
        ],
        "average": 0.0030757118947803974
    }
}